image,name,class,confidence,xmin,ymin,xmax,ymax
image_250325_162056.jpg,Ayataka,3,0.9422065019607544,566.1571044921875,0.0,1078.21923828125,650.8413696289062
image_250325_162249.jpg,CocaCola,6,0.9566318392753601,171.7587890625,463.91650390625,677.03857421875,940.597900390625
