image_file,class,confidence,x,y,width,height,center_x_norm,center_y_norm,width_norm,height_norm
image_250325_162655.jpg,CocaCola,0.9368927478790283,898,0,181,341,1172.8116455078125,203.13772583007812,214.7111053466797,404.8994445800781
image_250325_163441.jpg,OronaminC_Cap,0.3855035603046417,183,878,679,201,619.6307983398438,1160.7855224609375,805.064453125,238.4333953857422
